Date,Price
2008-01-02,3111
2008-01-03,3142
2008-01-04,3138
2008-01-07,3146
2008-01-08,3161.5
2008-01-09,3197.5
2008-01-11,3240
2008-01-14,3338
2008-01-15,3371
2008-01-16,3288.5
2008-01-17,3334.5
2008-01-18,3328.5
2008-01-21,3293.5
2008-01-22,3151
2008-01-24,3170.5
2008-01-25,3246
2008-01-28,3231
2008-01-29,3219.5
2008-01-30,3247
2008-02-01,3209.5
2008-02-04,3303
2008-02-05,3412.5
2008-02-06,3393.5
2008-02-11,3379.5
2008-02-12,3428
2008-02-13,3385
2008-02-14,3432.5
2008-02-15,3504
2008-02-18,3531
2008-02-19,3590.5
2008-02-20,3620.5
2008-02-21,3677
2008-02-22,3680
2008-02-25,3828.5
2008-02-26,3807.5
2008-02-27,3823
2008-02-28,3831.5
2008-02-29,3946
2008-03-03,4159
2008-03-04,4179.5
2008-03-05,3979.5
2008-03-06,4007.5
2008-03-07,3827
2008-03-10,3611.5
2008-03-11,3794
2008-03-12,3805.5
2008-03-13,3830
2008-03-14,3722.5
2008-03-17,3584.5
2008-03-18,3342.5
2008-03-19,3337
2008-03-21,3348
2008-03-24,3484.5
2008-03-25,3460
2008-03-26,3604
2008-03-27,3614.5
2008-03-28,3587
2008-03-31,3388.5
2008-04-01,3140
2008-04-02,3287.5
2008-04-03,3289.5
2008-04-04,3291
2008-04-07,3354.5
2008-04-08,3371.5
2008-04-09,3381
2008-04-10,3400
2008-04-11,3453
2008-04-14,3507.5
2008-04-15,3651.5
2008-04-16,3665
2008-04-17,3650
2008-04-18,3609.5
2008-04-21,3489
2008-04-22,3463.5
2008-04-23,3504
2008-04-24,3506.5
2008-04-25,3406.5
2008-04-28,3461
2008-04-29,3406
2008-04-30,3377.5
2008-05-02,3381
2008-05-05,3407
2008-05-06,3406.5
2008-05-07,3396
2008-05-08,3433
2008-05-09,3476
2008-05-12,3594
2008-05-13,3561.5
2008-05-14,3598.5
2008-05-15,3551.5
2008-05-16,3525.5
2008-05-20,3543
2008-05-21,3547.5
2008-05-22,3590
2008-05-23,3602
2008-05-26,3664
2008-05-27,3707.5
2008-05-28,3658
2008-05-29,3611.5
2008-05-30,3496.5
2008-06-02,3530
2008-06-03,3551.5
2008-06-04,3515.5
2008-06-05,3509
2008-06-06,3607.5
2008-06-09,3672
2008-06-10,3636
2008-06-11,3575.5
2008-06-12,3662
2008-06-13,3681
2008-06-16,3707.5
2008-06-17,3663.5
2008-06-18,3656.5
2008-06-19,3613.5
2008-06-20,3555
2008-06-23,3555.5
2008-06-24,3544.5
2008-06-25,3526.5
2008-06-26,3536.5
2008-06-27,3571.5
2008-06-30,3598.5
2008-07-01,3571.5
2008-07-02,3595.5
2008-07-03,3600.5
2008-07-04,3596
2008-07-07,3549
2008-07-08,3503
2008-07-09,3483.5
2008-07-10,3487.5
2008-07-11,3521.5
2008-07-14,3513.5
2008-07-15,3513.5
2008-07-16,3498.5
2008-07-17,3446
2008-07-18,3386.5
2008-07-21,3282.5
2008-07-22,3275.5
2008-07-23,3176.5
2008-07-24,3109
2008-07-25,3095.5
2008-07-28,3147
2008-07-29,3008.5
2008-07-30,2980.5
2008-07-31,3039
2008-08-01,2982.5
2008-08-04,2878
2008-08-05,2780
2008-08-06,2775.5
2008-08-07,2807.5
2008-08-08,2826.5
2008-08-11,2693.5
2008-08-12,2626
2008-08-13,2609.5
2008-08-14,2636
2008-08-15,2471
2008-08-18,2460.5
2008-08-19,2518.5
2008-08-20,2531
2008-08-21,2641.5
2008-08-22,2727.5
2008-08-25,2636.5
2008-08-26,2470.5
2008-08-27,2477.5
2008-08-28,2504.5
2008-08-29,2531.5
2008-09-02,2487.5
2008-09-03,2519.5
2008-09-04,2530
2008-09-05,2476.5
2008-09-08,2500.5
2008-09-09,2382.5
2008-09-10,2373.5
2008-09-11,2332.5
2008-09-12,2351
2008-09-15,2336.5
2008-09-16,2161
2008-09-17,2148.5
2008-09-18,2113
2008-09-19,2208
2008-09-22,2315.5
2008-09-23,2403
2008-09-24,2345.5
2008-09-25,2319
2008-09-26,2289.5
2008-09-29,2244
2008-10-03,2011.5
2008-10-06,1895.5
2008-10-07,1902.5
2008-10-08,1906.5
2008-10-09,1898
2008-10-10,1810.5
2008-10-13,1820
2008-10-14,1890.5
2008-10-15,1791
2008-10-16,1661.5
2008-10-17,1680
2008-10-20,1704.5
2008-10-21,1708.5
2008-10-22,1614
2008-10-23,1554.5
2008-10-24,1479
2008-10-28,1410
2008-10-29,1432
2008-10-30,1549
2008-10-31,1507
2008-11-03,1631.5
2008-11-04,1587.5
2008-11-05,1693.5
2008-11-06,1597
2008-11-07,1618
2008-11-10,1638.5
2008-11-11,1581.5
2008-11-12,1511
2008-11-13,1441
2008-11-14,1451
2008-11-17,1406
2008-11-18,1403
2008-11-19,1433.5
2008-11-20,1425.5
2008-11-21,1413
2008-11-24,1463
2008-11-25,1496
2008-11-26,1510.5
2008-11-27,1575
2008-11-28,1663.5
2008-12-01,1617.5
2008-12-02,1564.5
2008-12-03,1560.5
2008-12-04,1491
2008-12-05,1456.5
2008-12-09,1529.5
2008-12-10,1573.5
2008-12-11,1616
2008-12-12,1593.5
2008-12-15,1588
2008-12-16,1549
2008-12-17,1568
2008-12-18,1559.5
2008-12-19,1535
2008-12-22,1580
2008-12-23,1558
2008-12-24,1553
2008-12-26,1569
2008-12-30,1630
2009-01-02,1721.5
2009-01-05,1787.5
2009-01-06,1876
2009-01-07,1987.5
2009-01-08,1889.5
2009-01-09,1909
2009-01-12,1962.5
2009-01-13,1820
2009-01-14,1863.5
2009-01-15,1833.5
2009-01-16,1818.5
2009-01-19,1855
2009-01-20,1825.5
2009-01-21,1807.5
2009-01-22,1834.5
2009-01-23,1856
2009-01-28,1813.5
2009-01-29,1791
2009-01-30,1760
2009-02-02,1745
2009-02-03,1776
2009-02-04,1826.5
2009-02-05,1853.5
2009-02-06,1886
2009-02-09,1940
2009-02-10,1935
2009-02-11,1944
2009-02-12,1938.5
2009-02-13,1974.5
2009-02-16,1994.5
2009-02-17,1935.5
2009-02-18,1890.5
2009-02-19,1896
2009-02-20,1909
2009-02-23,1907
2009-02-24,1899.5
2009-02-25,1926
2009-02-26,1921
2009-02-27,1923
2009-03-02,1948
2009-03-03,1923.5
2009-03-04,1960
2009-03-05,1992.5
2009-03-06,1999.5
2009-03-10,2051.5
2009-03-11,2054.5
2009-03-12,2012
2009-03-13,2016.5
2009-03-16,2038.5
2009-03-17,2042.5
2009-03-18,2062
2009-03-19,2033
2009-03-20,2065.5
2009-03-23,2119
2009-03-24,2119.5
2009-03-25,2080
2009-03-26,2103
2009-03-27,2108.5
2009-03-30,2116
2009-04-01,2151
2009-04-02,2212.5
2009-04-03,2269
2009-04-06,2265.5
2009-04-07,2269.5
2009-04-08,2284.5
2009-04-09,2355.5
2009-04-10,2397.5
2009-04-13,2466
2009-04-14,2505
2009-04-15,2566
2009-04-16,2549
2009-04-17,2584
2009-04-20,2616
2009-04-21,2608.5
2009-04-22,2621.5
2009-04-23,2666
2009-04-24,2757.5
2009-04-27,2688.5
2009-04-28,2676
2009-04-29,2602.5
2009-04-30,2710
2009-05-04,2845.5
2009-05-05,2817
2009-05-06,2823.5
2009-05-07,2839.5
2009-05-08,2822.5
2009-05-11,2847.5
2009-05-12,2855.5
2009-05-13,2887
2009-05-14,2823
2009-05-15,2769
2009-05-18,2679.5
2009-05-19,2756.5
2009-05-20,2744.5
2009-05-21,2637.5
2009-05-22,2608
2009-05-25,2587
2009-05-26,2505
2009-05-27,2541.5
2009-05-28,2551
2009-05-29,2608.5
2009-06-01,2664
2009-06-02,2650
2009-06-03,2612
2009-06-04,2566.5
2009-06-05,2587
2009-06-08,2513.5
2009-06-09,2489
2009-06-10,2485
2009-06-11,2503.5
2009-06-12,2491
2009-06-15,2427.5
2009-06-16,2414
2009-06-17,2408.5
2009-06-18,2379
2009-06-19,2316.5
2009-06-22,2225.5
2009-06-23,2232.5
2009-06-24,2253
2009-06-25,2311
2009-06-26,2322
2009-06-29,2264.5
2009-06-30,2253.5
2009-07-01,2254.5
2009-07-02,2209
2009-07-03,2148.5
2009-07-06,2128
2009-07-07,2096
2009-07-08,2001.5
2009-07-09,2029
2009-07-10,2058
2009-07-13,2021.5
2009-07-14,2055.5
2009-07-15,2119.5
2009-07-16,2108
2009-07-17,2112.5
2009-07-20,2187.5
2009-07-21,2182
2009-07-22,2146.5
2009-07-23,2143.5
2009-07-24,2148
2009-07-27,2141.5
2009-07-28,2158.5
2009-07-29,2166.5
2009-07-30,2166.5
2009-07-31,2280
2009-08-03,2324.5
2009-08-04,2367
2009-08-05,2378
2009-08-06,2347
2009-08-07,2365.5
2009-08-10,2423
2009-08-11,2462.5
2009-08-12,2495.5
2009-08-13,2512
2009-08-14,2489.5
2009-08-17,2425.5
2009-08-18,2434.5
2009-08-19,2406
2009-08-20,2406
2009-08-21,2373
2009-08-24,2458
2009-08-25,2443
2009-08-26,2451
2009-08-27,2420
2009-08-28,2455
2009-09-01,2400
2009-09-02,2321.5
2009-09-03,2320
2009-09-04,2303
2009-09-07,2206.5
2009-09-08,2230
2009-09-09,2249
2009-09-10,2248.5
2009-09-11,2239
2009-09-14,2153.5
2009-09-15,2149
2009-09-16,2189
2009-09-17,2215.5
2009-09-18,2234
2009-09-23,2233
2009-09-24,2194
2009-09-25,2206
2009-09-28,2172.5
2009-09-29,2175.5
2009-09-30,2174.5
2009-10-01,2181.5
2009-10-02,2151.5
2009-10-05,2096
2009-10-06,2101
2009-10-07,2118.5
2009-10-08,2094
2009-10-09,2088.5
2009-10-12,2146.5
2009-10-13,2182.5
2009-10-14,2184
2009-10-15,2166
2009-10-16,2169.5
2009-10-19,2206
2009-10-20,2189.5
2009-10-21,2162
2009-10-22,2199.5
2009-10-23,2222
2009-10-26,2206.5
2009-10-27,2179
2009-10-28,2153
2009-10-29,2125
2009-10-30,2151
2009-11-02,2139
2009-11-03,2128
2009-11-04,2158
2009-11-05,2163
2009-11-06,2182
2009-11-09,2163.5
2009-11-10,2177
2009-11-11,2160
2009-11-12,2183.5
2009-11-13,2191
2009-11-16,2238
2009-11-17,2270.5
2009-11-18,2295.5
2009-11-19,2289.5
2009-11-20,2302.5
2009-11-23,2359.5
2009-11-24,2356.5
2009-11-25,2416
2009-11-26,2427.5
2009-12-01,2406.5
2009-12-02,2421
2009-12-03,2414.5
2009-12-04,2450.5
2009-12-07,2496
2009-12-08,2494
2009-12-09,2457
2009-12-10,2446.5
2009-12-11,2460
2009-12-14,2426.5
2009-12-15,2454.5
2009-12-16,2506
2009-12-17,2514
2009-12-21,2495.5
2009-12-22,2466.5
2009-12-23,2448.5
2009-12-24,2474
2009-12-28,2507.5
2009-12-29,2529
2009-12-30,2522.5
2009-12-31,2590
2010-01-04,2593.5
2010-01-05,2616.5
2010-01-06,2630.5
2010-01-07,2592
2010-01-08,2572.5
2010-01-11,2563.5
2010-01-12,2523
2010-01-13,2483.5
2010-01-14,2502
2010-01-15,2469
2010-01-18,2439.5
2010-01-19,2467
2010-01-20,2428.5
2010-01-21,2432.5
2010-01-22,2462
2010-01-25,2462
2010-01-26,2427
2010-01-27,2414.5
2010-01-28,2441
2010-01-29,2436
2010-02-02,2449.5
2010-02-03,2494.5
2010-02-04,2507.5
2010-02-05,2510.5
2010-02-08,2544.5
2010-02-09,2559
2010-02-10,2558.5
2010-02-11,2583.5
2010-02-12,2569
2010-02-16,2625
2010-02-17,2612
2010-02-18,2606
2010-02-19,2601.5
2010-02-22,2624
2010-02-23,2638.5
2010-02-24,2623
2010-02-25,2590.5
2010-02-26,2600
2010-03-01,2620.5
2010-03-02,2613.5
2010-03-03,2631
2010-03-04,2650.5
2010-03-05,2681.5
2010-03-08,2701
2010-03-09,2699.5
2010-03-10,2689
2010-03-11,2686.5
2010-03-12,2649.5
2010-03-15,2627.5
2010-03-16,2610.5
2010-03-17,2616.5
2010-03-18,2593
2010-03-19,2597.5
2010-03-22,2604.5
2010-03-23,2616.5
2010-03-24,2618
2010-03-25,2612.5
2010-03-26,2602.5
2010-03-29,2575
2010-03-30,2569
2010-03-31,2580
2010-04-01,2584.5
2010-04-02,2588.5
2010-04-05,2594
2010-04-06,2553.5
2010-04-07,2560
2010-04-08,2564.5
2010-04-09,2549
2010-04-12,2564
2010-04-13,2543
2010-04-14,2550
2010-04-15,2534
2010-04-16,2537
2010-04-19,2498
2010-04-20,2499.5
2010-04-21,2507
2010-04-22,2510
2010-04-23,2532
2010-04-26,2564.5
2010-04-27,2567
2010-04-28,2554.5
2010-04-29,2546
2010-04-30,2561
2010-05-03,2567.5
2010-05-04,2555
2010-05-05,2543
2010-05-06,2556
2010-05-07,2541
2010-05-10,2556.5
2010-05-11,2545
2010-05-12,2553
2010-05-13,2538
2010-05-14,2523
2010-05-17,2461
2010-05-18,2492.5
2010-05-19,2495.5
2010-05-20,2517
2010-05-21,2539
2010-05-24,2548
2010-05-25,2541
2010-05-26,2543
2010-05-27,2546
2010-05-31,2535
2010-06-01,2541
2010-06-02,2552
2010-06-03,2554
2010-06-04,2554.5
2010-06-07,2545.5
2010-06-08,2543.5
2010-06-09,2533.5
2010-06-10,2534.5
2010-06-11,2532
2010-06-14,2509
2010-06-15,2500
2010-06-16,2488.5
2010-06-17,2494.5
2010-06-18,2498.5
2010-06-21,2494.5
2010-06-22,2481.5
2010-06-23,2475
2010-06-24,2472
2010-06-25,2467.5
2010-06-28,2479
2010-06-29,2451.5
2010-06-30,2430
2010-07-01,2433
2010-07-02,2422.5
2010-07-05,2402.5
2010-07-06,2386
2010-07-07,2402
2010-07-08,2400
2010-07-09,2407.5
2010-07-12,2417.5
2010-07-13,2422
2010-07-14,2447.5
2010-07-15,2466
2010-07-16,2489.5
2010-07-19,2491.5
2010-07-20,2502
2010-07-21,2507.5
2010-07-22,2535.5
2010-07-23,2570
2010-07-26,2559
2010-07-27,2530.5
2010-07-28,2556
2010-07-29,2587
2010-08-02,2633
2010-08-03,2628.5
2010-08-04,2661.5
2010-08-05,2667.5
2010-08-06,2721.5
2010-08-09,2791.5
2010-08-10,2756
2010-08-11,2762
2010-08-12,2784
2010-08-13,2788.5
2010-08-16,2794.5
2010-08-17,2768.5
2010-08-18,2755.5
2010-08-19,2735
2010-08-20,2708
2010-08-23,2726.5
2010-08-24,2717.5
2010-08-25,2680.5
2010-08-26,2675
2010-08-27,2693.5
2010-08-30,2727.5
2010-09-01,2677
2010-09-02,2688
2010-09-03,2699.5
2010-09-06,2723
2010-09-07,2723
2010-09-08,2741
2010-09-09,2742
2010-09-13,2756
2010-09-14,2749.5
2010-09-15,2726
2010-09-17,2723
2010-09-20,2760
2010-09-21,2739
2010-09-22,2725
2010-09-23,2733
2010-09-24,2741.5
2010-09-27,2744.5
2010-09-28,2737.5
2010-09-29,2726
2010-09-30,2721.5
2010-10-01,2735
2010-10-04,2701
2010-10-05,2698.5
2010-10-06,2729.5
2010-10-07,2755
2010-10-08,2791.5
2010-10-11,2901
2010-10-12,2900
2010-10-13,2913.5
2010-10-14,2914.5
2010-10-15,2924.5
2010-10-18,2884.5
2010-10-19,2907.5
2010-10-20,2924
2010-10-21,2992.5
2010-10-22,2999
2010-10-25,3059.5
2010-10-26,3038
2010-10-27,3027.5
2010-10-28,3049
2010-10-29,3065
2010-11-01,3066.5
2010-11-02,3086
2010-11-03,3091
2010-11-04,3128.5
2010-11-08,3290
2010-11-09,3202
2010-11-10,3372.5
2010-11-11,3406.5
2010-11-12,3326.5
2010-11-15,3337.5
2010-11-16,3364.5
2010-11-18,3239.5
2010-11-19,3322
2010-11-22,3286
2010-11-23,3285.5
2010-11-24,3278.5
2010-11-25,3305.5
2010-11-26,3317.5
2010-11-29,3354.5
2010-11-30,3442
2010-12-01,3495
2010-12-02,3511
2010-12-03,3537
2010-12-06,3599
2010-12-08,3602
2010-12-09,3625
2010-12-10,3615.5
2010-12-13,3690.5
2010-12-14,3742
2010-12-15,3697.5
2010-12-16,3646.5
2010-12-17,3641
2010-12-20,3573.5
2010-12-21,3600
2010-12-23,3692.5
2010-12-24,3681.5
2010-12-27,3726
2010-12-28,3782
2010-12-29,3756
2011-01-03,3828.5
2011-01-04,3832
2011-01-05,3826.5
2011-01-06,3869.5
2011-01-07,3797
2011-01-10,3784
2011-01-11,3751.5
2011-01-12,3679
2011-01-13,3708
2011-01-14,3712
2011-01-17,3717.5
2011-01-18,3703.5
2011-01-19,3745
2011-01-21,3780.5
2011-01-24,3818.5
2011-01-25,3776.5
2011-01-26,3732
2011-01-27,3747.5
2011-01-28,3727
2011-01-31,3764.5
2011-02-02,3857
2011-02-07,3871
2011-02-08,3847.5
2011-02-09,3906.5
2011-02-10,3911.5
2011-02-11,3922
2011-02-14,3930
2011-02-16,3824
2011-02-17,3797
2011-02-18,3785.5
2011-02-21,3726
2011-02-22,3725
2011-02-23,3610.5
2011-02-24,3556
2011-02-25,3518.5
2011-02-28,3564.5
2011-03-01,3561.5
2011-03-02,3629
2011-03-03,3634
2011-03-04,3658.5
2011-03-07,3696.5
2011-03-08,3642.5
2011-03-09,3618.5
2011-03-10,3520.5
2011-03-11,3481
2011-03-14,3369.5
2011-03-15,3369.5
2011-03-16,3367.5
2011-03-17,3386.5
2011-03-18,3450
2011-03-21,3490
2011-03-22,3413
2011-03-23,3375
2011-03-24,3282.5
2011-03-25,3327
2011-03-28,3326
2011-03-29,3312.5
2011-03-30,3345
2011-03-31,3367.5
2011-04-01,3398
2011-04-04,3419
2011-04-05,3408.5
2011-04-06,3415
2011-04-07,3390
2011-04-08,3408.5
2011-04-11,3468.5
2011-04-12,3412.5
2011-04-13,3388
2011-04-14,3367.5
2011-04-15,3333
2011-04-18,3297
2011-04-19,3293
2011-04-20,3342.5
2011-04-21,3361.5
2011-04-22,3385
2011-04-25,3394.5
2011-04-26,3377
2011-04-27,3354.5
2011-04-28,3368
2011-05-03,3373
2011-05-04,3352
2011-05-05,3356
2011-05-06,3350
2011-05-09,3346.5
2011-05-10,3374
2011-05-11,3365
2011-05-12,3356
2011-05-13,3365.5
2011-05-16,3379.5
2011-05-18,3398
2011-05-19,3405
2011-05-20,3425
2011-05-23,3407.5
2011-05-24,3420.5
2011-05-25,3430.5
2011-05-26,3463
2011-05-27,3493.5
2011-05-30,3502.5
2011-05-31,3500
2011-06-01,3450
2011-06-02,3426.5
2011-06-03,3465.5
2011-06-06,3401.5
2011-06-07,3399
2011-06-08,3370
2011-06-09,3375
2011-06-10,3310.5
2011-06-13,3269
2011-06-14,3286.5
2011-06-15,3293
2011-06-16,3266
2011-06-17,3229.5
2011-06-20,3233.5
2011-06-21,3235.5
2011-06-22,3228
2011-06-23,3174
2011-06-24,3143.5
2011-06-27,3100
2011-06-28,3097
2011-07-01,3065
2011-07-04,3086.5
2011-07-05,3052
2011-07-06,3045
2011-07-07,3053
2011-07-08,3093.5
2011-07-11,3084.5
2011-07-12,3046.5
2011-07-13,3070
2011-07-14,3116
2011-07-15,3118
2011-07-18,3117
2011-07-19,3101
2011-07-20,3137
2011-07-21,3149
2011-07-22,3145.5
2011-07-25,3110
2011-07-26,3116.5
2011-07-27,3133
2011-07-28,3121.5
2011-07-29,3110.5
2011-08-01,3140.5
2011-08-02,3137.5
2011-08-03,3166.5
2011-08-04,3166
2011-08-05,3111
2011-08-08,3109.5
2011-08-09,3052
2011-08-10,3082
2011-08-11,3089.5
2011-08-12,3102.5
2011-08-15,3127.5
2011-08-16,3149.5
2011-08-17,3150.5
2011-08-18,3150.5
2011-08-19,3135.5
2011-08-22,3124.5
2011-08-23,3144
2011-08-24,3134
2011-08-25,3116
2011-08-26,3092.5
2011-09-02,3155
2011-09-05,3152.5
2011-09-06,3100
2011-09-07,3120.5
2011-09-08,3124
2011-09-09,3119.5
2011-09-12,3124
2011-09-13,3094.5
2011-09-14,3081
2011-09-15,3098.5
2011-09-19,3070
2011-09-20,3077.5
2011-09-21,3073.5
2011-09-22,3037
2011-09-23,2999.5
2011-09-26,2942.5
2011-09-29,2897
2011-09-30,2930
2011-10-03,2852.5
2011-10-04,2842
2011-10-05,2828
2011-10-06,2803.5
2011-10-07,2786.5
2011-10-10,2800.5
2011-10-11,2796
2011-10-12,2848.5
2011-10-13,2842.5
2011-10-14,2855.5
2011-10-17,2898.5
2011-10-18,2835
2011-10-19,2854
2011-10-20,2848
2011-10-21,2878.5
2011-10-24,2893.5
2011-10-25,2916
2011-10-27,2952
2011-10-28,2958
2011-10-31,2940
2011-11-01,2947.5
2011-11-02,2953.5
2011-11-03,2960
2011-11-04,2998.5
2011-11-08,3019
2011-11-09,3042
2011-11-10,3044
2011-11-11,3111
2011-11-14,3163.5
2011-11-15,3172
2011-11-16,3194.5
2011-11-17,3239
2011-11-18,3220.5
2011-11-21,3222.5
2011-11-22,3177
2011-11-23,3151.5
2011-11-24,3111.5
2011-11-25,3071
2011-11-29,3076.5
2011-11-30,3043
2011-12-01,3060
2011-12-02,3046.5
2011-12-05,3086.5
2011-12-06,3093.5
2011-12-07,3110.5
2011-12-08,3109.5
2011-12-09,3081.5
2011-12-12,3046.5
2011-12-13,3022
2011-12-14,3017
2011-12-15,3020
2011-12-16,3010
2011-12-19,3018
2011-12-20,3021
2011-12-21,3043
2011-12-22,3086
2011-12-23,3131.5
2011-12-27,3152.5
2011-12-28,3185.5
2011-12-29,3163.5
2012-01-03,3215.5
2012-01-04,3207.5
2012-01-05,3216.5
2012-01-06,3207
2012-01-09,3194.5
2012-01-10,3211.5
2012-01-11,3207
2012-01-12,3213.5
2012-01-13,3166.5
2012-01-16,3137.5
2012-01-17,3161
2012-01-18,3153.5
2012-01-19,3149.5
2012-01-20,3163
2012-01-25,3164
2012-01-26,3121.5
2012-01-27,3128
2012-01-30,3119
2012-02-02,3051.5
2012-02-03,3051
2012-02-08,3099.5
2012-02-09,3107.5
2012-02-10,3078
2012-02-13,3114.5
2012-02-14,3113
2012-02-15,3144
2012-02-16,3138
2012-02-17,3167.5
2012-02-20,3200
2012-02-21,3195
2012-02-22,3207
2012-02-23,3181
2012-02-24,3180.5
2012-02-28,3206
2012-02-29,3185
2012-03-01,3206
2012-03-02,3219
2012-03-05,3213.5
2012-03-06,3208
2012-03-07,3205.5
2012-03-08,3238.5
2012-03-09,3290.5
2012-03-12,3295
2012-03-13,3301
2012-03-14,3332
2012-03-15,3348.5
2012-03-16,3360
2012-03-19,3348
2012-03-20,3332
2012-03-21,3334
2012-03-22,3335
2012-03-23,3359
2012-03-26,3397.5
2012-03-27,3390
2012-03-28,3440
2012-03-29,3401
2012-03-30,3382.5
2012-04-02,3483
2012-04-03,3497
2012-04-04,3521.5
2012-04-05,3511.5
2012-04-06,3544.5
2012-04-09,3555.5
2012-04-10,3567.5
2012-04-12,3550.5
2012-04-13,3539.5
2012-04-16,3472.5
2012-04-17,3475
2012-04-18,3478.5
2012-04-19,3461
2012-04-20,3454
2012-04-23,3472
2012-04-24,3457.5
2012-04-25,3459.5
2012-04-26,3477.5
2012-04-27,3478
2012-04-30,3456
2012-05-02,3445.5
2012-05-03,3417.5
2012-05-04,3387.5
2012-05-07,3338.5
2012-05-08,3370.5
2012-05-09,3351
2012-05-10,3350.5
2012-05-11,3299
2012-05-14,3193
2012-05-15,3193
2012-05-16,3187
2012-05-17,3119.5
2012-05-18,3080.5
2012-05-21,3109
2012-05-22,3112.5
2012-05-23,3053
2012-05-24,3022.5
2012-05-25,3078
2012-05-28,3123.5
2012-05-29,3152
2012-05-30,3111
2012-05-31,3092
2012-06-01,3039.5
2012-06-04,2943.5
2012-06-05,2976.5
2012-06-06,2997
2012-06-07,3001
2012-06-08,2954.5
2012-06-11,2988.5
2012-06-12,2945.5
2012-06-13,2947.5
2012-06-14,2904
2012-06-15,2869
2012-06-18,2870.5
2012-06-19,2902
2012-06-20,3000
2012-06-21,2994
2012-06-22,2951
2012-06-25,3005.5
2012-06-26,2995.5
2012-06-27,2999
2012-06-28,2977
2012-06-29,2985
2012-07-02,3043
2012-07-03,3086
2012-07-04,3098.5
2012-07-05,3103
2012-07-06,3132
2012-07-09,3134
2012-07-10,3114.5
2012-07-11,3096
2012-07-12,3004.5
2012-07-13,3018.5
2012-07-16,3093
2012-07-17,3038.5
2012-07-18,2981.5
2012-07-19,2991.5
2012-07-20,2991
2012-07-23,2947
2012-07-24,2906.5
2012-07-25,2892
2012-07-26,2895.5
2012-07-27,2881
2012-07-30,2928
2012-07-31,2909.5
2012-08-01,2920.5
2012-08-02,2899
2012-08-03,2880.5
2012-08-06,2854.5
2012-08-07,2834.5
2012-08-08,2791.5
2012-08-09,2759.5
2012-08-10,2743.5
2012-08-13,2717
2012-08-14,2718
2012-08-15,2723
2012-08-16,2751
2012-08-17,2800.5
2012-08-22,2947
2012-08-23,2947
2012-08-24,2949.5
2012-08-27,2984.5
2012-08-28,2933
2012-08-29,2885
2012-09-03,2922
2012-09-04,2925
2012-09-05,2893
2012-09-06,2808.5
2012-09-07,2780
2012-09-10,2770.5
2012-09-11,2743
2012-09-12,2749
2012-09-13,2732.5
2012-09-14,2739
2012-09-18,2670
2012-09-19,2667.5
2012-09-20,2641.5
2012-09-21,2588
2012-09-24,2397.5
2012-09-25,2434
2012-09-26,2429.5
2012-09-27,2395
2012-09-28,2394.5
2012-10-01,2311
2012-10-02,2169
2012-10-03,2115.5
2012-10-04,2161.5
2012-10-05,2211.5
2012-10-08,2200
2012-10-09,2228.5
2012-10-10,2259.5
2012-10-11,2292.5
2012-10-12,2299
2012-10-15,2269
2012-10-16,2308.5
2012-10-17,2269.5
2012-10-18,2322.5
2012-10-19,2327
2012-10-22,2335
2012-10-23,2332.5
2012-10-24,2368
2012-10-25,2387.5
2012-10-29,2332.5
2012-10-30,2328.5
2012-10-31,2340
2012-11-01,2357
2012-11-02,2343.5
2012-11-05,2282
2012-11-06,2261.5
2012-11-07,2265.5
2012-11-08,2238.5
2012-11-09,2199
2012-11-12,2109.5
2012-11-14,2145.5
2012-11-16,2168
2012-11-19,2221.5
2012-11-20,2223
2012-11-21,2191
2012-11-23,2166
2012-11-26,2167.5
2012-11-27,2149.5
2012-11-28,2146
2012-11-29,2063
2012-11-30,2078
2012-12-03,2087.5
2012-12-04,2054.5
2012-12-05,2076
2012-12-06,2048
2012-12-07,2062
2012-12-10,2050
2012-12-11,2038
2012-12-12,2026
2012-12-13,2027
2012-12-14,2047
2012-12-17,2064
2012-12-18,2055.5
2012-12-19,2027
2012-12-20,2029
2012-12-21,2075
2012-12-24,2130
2012-12-26,2100.5
2012-12-27,2124
2012-12-28,2172
2012-12-31,2231
2013-01-02,2217
2013-01-03,2246
2013-01-04,2254.5
2013-01-07,2239.5
2013-01-08,2217
2013-01-09,2224
2013-01-10,2225.5
2013-01-11,2162
2013-01-14,2157
2013-01-15,2210.5
2013-01-16,2201.5
2013-01-17,2191
2013-01-18,2203.2
2013-01-21,2216
2013-01-22,2224.5
2013-01-23,2210.5
2013-01-25,2226
2013-01-29,2243.5
2013-01-30,2249
2013-01-31,2357.5
2013-02-04,2341
2013-02-05,2356.5
2013-02-06,2381
2013-02-07,2377
2013-02-08,2379
2013-02-13,2382
2013-02-14,2385.5
2013-02-15,2413
2013-02-18,2415.5
2013-02-19,2430
2013-02-20,2434
2013-02-21,2401.5
2013-02-22,2418
2013-02-25,2367
2013-02-26,2361.5
2013-02-27,2340.5
2013-02-28,2330.5
2013-03-01,2303
2013-03-04,2318
2013-03-05,2317
2013-03-06,2331
2013-03-07,2330.5
2013-03-08,2359
2013-03-11,2335
2013-03-12,2332
2013-03-13,2316
2013-03-14,2298.5
2013-03-15,2309.5
2013-03-18,2293.5
2013-03-19,2327.5
2013-03-20,2337.5
2013-03-21,2373
2013-03-22,2379
2013-03-25,2350
2013-03-26,2344
2013-03-27,2354
2013-03-28,2314
2013-03-29,2321.5
2013-04-01,2296.5
2013-04-02,2316
2013-04-03,2328
2013-04-04,2324
2013-04-08,2318
2013-04-09,2336.5
2013-04-10,2331
2013-04-11,2293.5
2013-04-12,2318
2013-04-15,2272
2013-04-16,2272
2013-04-17,2271.5
2013-04-18,2267
2013-04-19,2269
2013-04-22,2239
2013-04-23,2245.5
2013-04-24,2261
2013-04-25,2274.5
2013-04-26,2290.5
2013-04-29,2254
2013-04-30,2239
2013-05-02,2242.5
2013-05-03,2249
2013-05-06,2236
2013-05-07,2224
2013-05-08,2255
2013-05-09,2244.5
2013-05-10,2279.5
2013-05-13,2269.5
2013-05-14,2265.5
2013-05-15,2253.5
2013-05-16,2280.5
2013-05-17,2285.5
2013-05-20,2293
2013-05-21,2292.5
2013-05-22,2302
2013-05-23,2306
2013-05-27,2308
2013-05-28,2327.5
2013-05-29,2342.5
2013-05-30,2334
2013-05-31,2326.5
2013-06-03,2313
2013-06-04,2335
2013-06-05,2319
2013-06-06,2353
2013-06-07,2393
2013-06-10,2389.5
2013-06-11,2396.5
2013-06-12,2409.5
2013-06-13,2401
2013-06-14,2390.5
2013-06-17,2411
2013-06-18,2431
2013-06-19,2426
2013-06-20,2440
2013-06-21,2399
2013-06-24,2380.5
2013-06-25,2388
2013-06-26,2347.5
2013-06-27,2317.5
2013-06-28,2339.5
2013-07-01,2348.5
2013-07-02,2338.5
2013-07-03,2343.5
2013-07-04,2356.5
2013-07-05,2350.5
2013-07-08,2364.5
2013-07-09,2366
2013-07-10,2374.5
2013-07-11,2368
2013-07-12,2353
2013-07-15,2276.5
2013-07-16,2291
2013-07-17,2292
2013-07-18,2305
2013-07-19,2313.5
2013-07-22,2316.5
2013-07-23,2323
2013-07-24,2298
2013-07-25,2288
2013-07-26,2230
2013-07-29,2238.5
2013-07-30,2234
2013-07-31,2231.5
2013-08-01,2266
2013-08-02,2289
2013-08-05,2275.5
2013-08-06,2281
2013-08-07,2241.5
2013-08-12,2281.5
2013-08-13,2308
2013-08-14,2308
2013-08-15,2331
2013-08-16,2346
2013-08-19,2385.5
2013-08-20,2383
2013-08-21,2374.5
2013-08-22,2381
2013-08-23,2382.5
2013-08-26,2439.5
2013-08-27,2460
2013-08-28,2461
2013-08-29,2444.5
2013-08-30,2398.5
2013-09-02,2424
2013-09-03,2419
2013-09-04,2400.5
2013-09-05,2399.5
2013-09-06,2420
2013-09-09,2419.5
2013-09-10,2363
2013-09-11,2367.5
2013-09-12,2359.5
2013-09-13,2357
2013-09-17,2335.5
2013-09-18,2329
2013-09-19,2312.5
2013-09-20,2308.5
2013-09-23,2295
2013-09-24,2315
2013-09-25,2311
2013-09-26,2284.5
2013-09-27,2292
2013-09-30,2299.5
2013-10-01,2307
2013-10-04,2299
2013-10-07,2304
2013-10-08,2323
2013-10-09,2339
2013-10-10,2353.5
2013-10-11,2360
2013-10-14,2350.5
2013-10-16,2365.5
2013-10-17,2382.5
2013-10-18,2376
2013-10-21,2379.5
2013-10-22,2411
2013-10-23,2431
2013-10-24,2428
2013-10-25,2424.5
2013-10-28,2422
2013-10-30,2522.5
2013-10-31,2541
2013-11-01,2572
2013-11-04,2560
2013-11-06,2548.5
2013-11-07,2528
2013-11-08,2523.5
2013-11-11,2526.5
2013-11-12,2533.5
2013-11-13,2581
2013-11-14,2578
2013-11-15,2582
2013-11-18,2565
2013-11-19,2553
2013-11-20,2552.5
2013-11-21,2599
2013-11-22,2635.5
2013-11-25,2613.5
2013-11-26,2595
2013-11-27,2592
2013-11-28,2593
2013-11-29,2612
2013-12-02,2602
2013-12-03,2599.5
2013-12-04,2609
2013-12-05,2604
2013-12-06,2614
2013-12-09,2624.5
2013-12-10,2612
2013-12-11,2612
2013-12-12,2609
2013-12-13,2559.5
2013-12-16,2531.5
2013-12-17,2529.5
2013-12-18,2512
2013-12-19,2515
2013-12-20,2555
2013-12-23,2545.5
2013-12-24,2559
2013-12-26,2563.5
2013-12-27,2575.5
2013-12-30,2572.5
2013-12-31,2572.5
2014-01-02,2598
2014-01-03,2587
2014-01-06,2562
2014-01-07,2533.5
2014-01-08,2511
2014-01-09,2504.5
2014-01-10,2506.5
2014-01-13,2488.5
2014-01-15,2493.5
2014-01-16,2510
2014-01-20,2534
2014-01-21,2536
2014-01-22,2545
2014-01-23,2544
2014-01-24,2538
2014-01-27,2534
2014-01-28,2500
2014-01-29,2530
2014-02-04,2521
2014-02-05,2528.5
2014-02-06,2544
2014-02-07,2564.5
2014-02-10,2582
2014-02-11,2595
2014-02-12,2605.5
2014-02-13,2622.5
2014-02-14,2664.5
2014-02-17,2659.5
2014-02-18,2696
2014-02-19,2709
2014-02-20,2715.5
2014-02-21,2737
2014-02-24,2767.5
2014-02-25,2772
2014-02-26,2778.5
2014-02-27,2801
2014-02-28,2768
2014-03-03,2833
2014-03-04,2838.5
2014-03-05,2846.5
2014-03-06,2839
2014-03-07,2893.5
2014-03-10,2884.5
2014-03-11,2917
2014-03-12,2904
2014-03-13,2895
2014-03-14,2859
2014-03-17,2830
2014-03-18,2843.5
2014-03-19,2870
2014-03-20,2863
2014-03-21,2857.5
2014-03-24,2860
2014-03-25,2810.5
2014-03-26,2815
2014-03-27,2787
2014-03-31,2750.5
2014-04-01,2716.5
2014-04-02,2733.5
2014-04-03,2702
2014-04-04,2677.5
2014-04-07,2661.5
2014-04-08,2654.5
2014-04-09,2639
2014-04-10,2652
2014-04-11,2653
2014-04-14,2684
2014-04-15,2700
2014-04-16,2690.5
2014-04-17,2711.5
2014-04-18,2703
2014-04-21,2682
2014-04-22,2707
2014-04-23,2701
2014-04-24,2698.5
2014-04-25,2696
2014-04-28,2717.5
2014-04-29,2683.5
2014-05-02,2650.5
2014-05-05,2646
2014-05-06,2622.5
2014-05-07,2628
2014-05-08,2621
2014-05-09,2624.5
2014-05-12,2622
2014-05-14,2624
2014-05-15,2639.5
2014-05-16,2630.5
2014-05-19,2594.5
2014-05-20,2569
2014-05-21,2539.5
2014-05-22,2543.5
2014-05-23,2543.5
2014-05-26,2495
2014-05-28,2502.5
2014-05-29,2490
2014-05-30,2457
2014-06-02,2406
2014-06-03,2404.5
2014-06-05,2426.5
2014-06-06,2407.5
2014-06-09,2408
2014-06-10,2401.5
2014-06-11,2388
2014-06-12,2397.5
2014-06-13,2433.5
2014-06-16,2429
2014-06-17,2437
2014-06-18,2461.5
2014-06-19,2476.5
2014-06-20,2473.5
2014-06-23,2491
2014-06-24,2492.5
2014-06-25,2505.5
2014-06-26,2503.5
2014-06-27,2484
2014-06-30,2462.5
2014-07-01,2425
2014-07-02,2445.5
2014-07-03,2453
2014-07-04,2451
2014-07-07,2449
2014-07-08,2445.5
2014-07-09,2439
2014-07-10,2434
2014-07-14,2376
2014-07-16,2369.5
2014-07-17,2390
2014-07-18,2381
2014-07-21,2372
2014-07-22,2363
2014-07-23,2336.5
2014-07-24,2339.5
2014-07-25,2344.5
2014-07-30,2345.5
2014-08-01,2340.5
2014-08-04,2331
2014-08-05,2328
2014-08-06,2302.5
2014-08-07,2315
2014-08-08,2300
2014-08-11,2261
2014-08-12,2212
2014-08-13,2200
2014-08-14,2147.5
2014-08-15,2130
2014-08-18,2092.5
2014-08-19,2087.5
2014-08-20,2058
2014-08-22,2030
2014-08-25,1986.5
2014-08-26,2003
2014-08-27,2014
2014-08-28,1979
2014-08-29,1960.5
2014-09-02,1933.5
2014-09-03,1976.5
2014-09-04,1989
2014-09-05,2024.5
2014-09-08,2049.5
2014-09-09,2037.5
2014-09-10,2030
2014-09-11,2040.5
2014-09-12,2080
2014-09-15,2111.5
2014-09-17,2117
2014-09-18,2155.5
2014-09-19,2128.5
2014-09-22,2084
2014-09-23,2122.5
2014-09-24,2128.5
2014-09-25,2180
2014-09-26,2171.5
2014-09-29,2173.5
2014-09-30,2184
2014-10-01,2199
2014-10-02,2184
2014-10-03,2171.5
2014-10-07,2198.5
2014-10-08,2204
2014-10-09,2206
2014-10-10,2181.5
2014-10-13,2178.5
2014-10-14,2175.5
2014-10-15,2157
2014-10-16,2124
2014-10-17,2150.5
2014-10-20,2122
2014-10-21,2141
2014-10-23,2155
2014-10-24,2181
2014-10-27,2172
2014-10-28,2186.5
2014-10-29,2212
2014-10-30,2263.5
2014-10-31,2260
2014-11-03,2302.5
2014-11-04,2297.5
2014-11-05,2255
2014-11-07,2219
2014-11-10,2207.5
2014-11-11,2216
2014-11-12,2250.5
2014-11-13,2205.5
2014-11-14,2204.5
2014-11-17,2193
2014-11-18,2204.5
2014-11-19,2227
2014-11-20,2189
2014-11-21,2190.5
2014-11-24,2183.5
2014-11-25,2166
2014-11-26,2196.5
2014-11-27,2177.5
2014-11-28,2134
2014-12-01,2106
2014-12-02,2138.5
2014-12-03,2144
2014-12-04,2151
2014-12-05,2145
2014-12-08,2168.5
2014-12-09,2140.5
2014-12-10,2132.5
2014-12-11,2120
2014-12-12,2179
2014-12-15,2143.5
2014-12-16,2120.5
2014-12-17,2101.5
2014-12-18,2139.5
2014-12-19,2118.5
2014-12-22,2142.5
2014-12-23,2174.5
2014-12-24,2210.5
2014-12-26,2215
2014-12-29,2265
2014-12-30,2287
2014-12-31,2282.5
2015-01-02,2259
2015-01-05,2280.5
2015-01-06,2297
2015-01-07,2283
2015-01-08,2336
2015-01-09,2330.5
2015-01-12,2342
2015-01-13,2355
2015-01-14,2345.5
2015-01-15,2368.5
2015-01-16,2303
2015-01-19,2304.5
2015-01-20,2321.5
2015-01-21,2332.5
2015-01-22,2278.5
2015-01-23,2242
2015-01-26,2206
2015-01-27,2166
2015-01-28,2198
2015-01-29,2177.5
2015-01-30,2125.5
2015-02-04,2191
2015-02-05,2238.5
2015-02-06,2286.5
2015-02-09,2317.5
2015-02-10,2307.5
2015-02-11,2280
2015-02-12,2258
2015-02-13,2271.5
2015-02-16,2278.5
2015-02-17,2299
2015-02-18,2293.5
2015-02-23,2257.5
2015-02-24,2231.5
2015-02-25,2240
2015-02-26,2277
2015-02-27,2266
2015-03-02,2343.5
2015-03-03,2359.5
2015-03-04,2360.5
2015-03-05,2325.5
2015-03-06,2277
2015-03-09,2284
2015-03-10,2233.5
2015-03-11,2238
2015-03-12,2244
2015-03-13,2239
2015-03-16,2193
2015-03-17,2187
2015-03-18,2200
2015-03-19,2197.5
2015-03-20,2190
2015-03-23,2192
2015-03-24,2166
2015-03-25,2164
2015-03-26,2191
2015-03-27,2157.5
2015-03-30,2167.5
2015-03-31,2143.5
2015-04-01,2154.5
2015-04-02,2168
2015-04-03,2176
2015-04-06,2206.5
2015-04-07,2205.5
2015-04-08,2181.5
2015-04-09,2142.5
2015-04-10,2126.5
2015-04-13,2135.5
2015-04-14,2128
2015-04-15,2160.5
2015-04-16,2164
2015-04-17,2158
2015-04-20,2165
2015-04-21,2188.5
2015-04-22,2167
2015-04-23,2156.5
2015-04-24,2156
2015-04-27,2136
2015-04-28,2078.5
2015-04-29,2071
2015-04-30,2082.5
2015-05-05,2146
2015-05-06,2164
2015-05-07,2154
2015-05-08,2143
2015-05-11,2182.5
2015-05-12,2187
2015-05-13,2191
2015-05-14,2170
2015-05-15,2181.5
2015-05-18,2164.5
2015-05-19,2159
2015-05-20,2139
2015-05-21,2139
2015-05-22,2130.5
2015-05-25,2130.5
2015-05-26,2156
2015-05-27,2154
2015-05-28,2167
2015-05-29,2174.5
2015-06-01,2234.5
2015-06-02,2290
2015-06-03,2264.5
2015-06-04,2277
2015-06-05,2294
2015-06-08,2292.5
2015-06-09,2288.5
2015-06-10,2283.5
2015-06-11,2287.5
2015-06-12,2248.5
2015-06-15,2252.5
2015-06-16,2264
2015-06-17,2268.5
2015-06-18,2247.5
2015-06-19,2246.5
2015-06-22,2218
2015-06-23,2222.5
2015-06-24,2240.5
2015-06-25,2260
2015-06-26,2243
2015-06-29,2244
2015-06-30,2222
2015-07-01,2247
2015-07-02,2253.5
2015-07-03,2261.5
2015-07-06,2232
2015-07-07,2216
2015-07-08,2153.5
2015-07-09,2171.5
2015-07-10,2184
2015-07-13,2184.5
2015-07-14,2206
2015-07-15,2178
2015-07-16,2184
2015-07-20,2159.5
2015-07-21,2187.5
2015-07-22,2175.5
2015-07-23,2177
2015-07-24,2171
2015-07-27,2134.5
2015-07-28,2123.5
2015-07-29,2121
2015-07-30,2103
2015-07-31,2105.5
2015-08-03,2067.5
2015-08-04,2049.5
2015-08-05,2045
2015-08-06,2009.5
2015-08-07,1995.5
2015-08-10,1994.5
2015-08-11,2002
2015-08-12,1965.5
2015-08-13,1956
2015-08-14,1976.5
2015-08-17,1954.5
2015-08-18,1967.5
2015-08-19,1951
2015-08-20,1918
2015-08-21,1922.5
2015-08-24,1837.5
2015-08-25,1823.5
2015-08-26,1811
2015-08-27,1802
2015-08-28,1832.5
2015-09-01,1894.5
2015-09-02,1894.5
2015-09-03,1897.5
2015-09-04,1923.5
2015-09-07,1917.5
2015-09-08,1936.5
2015-09-09,1971
2015-09-10,1994
2015-09-11,2014
2015-09-14,2050
2015-09-15,2053
2015-09-21,2018
2015-09-22,2047.5
2015-09-23,2068.5
2015-09-25,2163.5
2015-09-28,2181
2015-09-29,2241
2015-10-01,2287
2015-10-02,2290.5
2015-10-05,2307.5
2015-10-06,2285.5
2015-10-07,2243
2015-10-08,2181.5
2015-10-09,2183.5
2015-10-12,2171
2015-10-13,2193.5
2015-10-15,2187
2015-10-16,2188.5
2015-10-19,2166.5
2015-10-20,2172
2015-10-21,2198
2015-10-22,2200.5
2015-10-23,2178
2015-10-26,2150.5
2015-10-27,2129.5
2015-10-28,2155.5
2015-10-29,2143
2015-11-02,2154
2015-11-03,2119.5
2015-11-04,2146
2015-11-05,2153.5
2015-11-06,2147.5
2015-11-09,2160.5
2015-11-11,2140
2015-11-12,2126
2015-11-13,2132.5
2015-11-16,2086
2015-11-17,2093.5
2015-11-18,2089
2015-11-19,2080
2015-11-20,2067.5
2015-11-23,2057
2015-11-24,2074.5
2015-11-25,2056
2015-11-26,2085.5
2015-11-27,2094.5
2015-11-30,2095.5
2015-12-01,2123.5
2015-12-02,2094
2015-12-03,2105.5
2015-12-04,2143.5
2015-12-07,2158.5
2015-12-08,2147
2015-12-09,2151
2015-12-10,2136
2015-12-11,2160.5
2015-12-14,2170.5
2015-12-15,2152.5
2015-12-16,2133
2015-12-17,2134
2015-12-18,2153.5
2015-12-21,2161
2015-12-22,2187
2015-12-23,2192
2015-12-28,2255.5
2015-12-29,2181.5
2015-12-30,2214
2015-12-31,2198
2016-01-04,2181.5
2016-01-05,2217
2016-01-06,2226
2016-01-07,2233
2016-01-08,2219
2016-01-11,2249.5
2016-01-12,2217.5
2016-01-13,2238.5
2016-01-14,2238
2016-01-15,2260.5
2016-01-18,2260
2016-01-19,2280
2016-01-20,2283
2016-01-21,2277
2016-01-22,2282.5
2016-01-26,2304
2016-01-27,2345
2016-01-28,2326
2016-01-29,2315
2016-02-02,2367.5
2016-02-03,2378.5
2016-02-04,2392
2016-02-05,2422
2016-02-10,2436
2016-02-11,2419.5
2016-02-12,2438.5
2016-02-15,2451
2016-02-16,2468
2016-02-17,2454
2016-02-18,2444.5
2016-02-19,2462
2016-02-22,2465.5
2016-02-23,2445.5
2016-02-24,2435.5
2016-02-25,2450.5
2016-02-26,2437
2016-02-29,2452
2016-03-01,2453.5
2016-03-02,2435
2016-03-03,2425
2016-03-04,2461.5
2016-03-07,2459
2016-03-08,2460
2016-03-09,2477
2016-03-10,2479
2016-03-11,2499.5
2016-03-14,2516
2016-03-15,2522
2016-03-16,2513
2016-03-17,2538
2016-03-18,2589.5
2016-03-21,2611.5
2016-03-22,2610
2016-03-23,2614
2016-03-24,2598.5
2016-03-25,2621
2016-03-28,2631
2016-03-29,2667
2016-03-30,2676
2016-03-31,2686
2016-04-01,2709
2016-04-04,2680.5
2016-04-05,2714
2016-04-06,2683
2016-04-07,2679.5
2016-04-08,2664
2016-04-11,2624
2016-04-12,2610
2016-04-13,2610.5
2016-04-14,2621
2016-04-15,2608
2016-04-18,2618.5
2016-04-19,2638.5
2016-04-20,2670
2016-04-21,2679
2016-04-22,2665
2016-04-25,2642
2016-04-26,2642
2016-04-27,2636
2016-04-28,2577.5
2016-04-29,2566
2016-05-03,2541
2016-05-04,2578
2016-05-05,2609
2016-05-06,2607.5
2016-05-09,2637.5
2016-05-10,2674
2016-05-11,2706.5
2016-05-12,2675
2016-05-13,2639.5
2016-05-16,2657
2016-05-17,2652.5
2016-05-18,2638
2016-05-19,2595
2016-05-20,2597
2016-05-23,2567.5
2016-05-24,2559.5
2016-05-25,2556.5
2016-05-26,2585.5
2016-05-27,2602.5
2016-05-30,2613
2016-05-31,2612.5
2016-06-01,2639
2016-06-02,2638.5
2016-06-03,2648
2016-06-06,2643
2016-06-07,2647.5
2016-06-08,2619
2016-06-09,2639
2016-06-10,2621.5
2016-06-13,2603
2016-06-14,2533
2016-06-15,2516
2016-06-16,2486
2016-06-17,2506
2016-06-20,2475
2016-06-21,2463.5
2016-06-23,2445
2016-06-24,2464
2016-06-27,2461
2016-06-28,2456.5
2016-06-29,2406.5
2016-06-30,2399.5
2016-07-01,2402.5
2016-07-04,2428
2016-07-05,2306.5
2016-07-08,2306.5
2016-07-11,2324.5
2016-07-12,2295.5
2016-07-13,2303.5
2016-07-14,2292.5
2016-07-15,2302.5
2016-07-18,2323
2016-07-19,2319
2016-07-20,2357
2016-07-21,2377
2016-07-22,2354.5
2016-07-25,2334
2016-07-26,2332.5
2016-07-27,2358.5
2016-07-28,2348
2016-07-29,2352.5
2016-08-01,2391.5
2016-08-02,2387
2016-08-03,2423.5
2016-08-04,2461
2016-08-05,2488
2016-08-08,2504.5
2016-08-09,2539
2016-08-10,2571
2016-08-11,2582
2016-08-12,2596.5
2016-08-15,2678.5
2016-08-16,2710.5
2016-08-17,2798
2016-08-18,2821
2016-08-19,2833
2016-08-22,2807.5
2016-08-23,2802
2016-08-24,2845
2016-08-25,2803.5
2016-08-26,2831
2016-08-29,2791
2016-08-30,2797.5
2016-09-01,2769.5
2016-09-02,2806
2016-09-05,2889.5
2016-09-06,2886
2016-09-07,2858.5
2016-09-08,2872
2016-09-09,2879
2016-09-13,2866.5
2016-09-14,2802.5
2016-09-15,2824.5
2016-09-19,2866.5
2016-09-20,2899.5
2016-09-21,2899.5
2016-09-22,2896
2016-09-23,2864
2016-09-26,2892
2016-09-27,2868
2016-09-28,2785.5
2016-09-29,2746.5
2016-09-30,2731
2016-10-04,2741
2016-10-05,2728
2016-10-06,2688.5
2016-10-07,2674.5
2016-10-10,2620
2016-10-11,2637.5
2016-10-12,2651
2016-10-13,2664.5
2016-10-14,2679.5
2016-10-17,2765.5
2016-10-18,2778
2016-10-19,2746.5
2016-10-20,2761
2016-10-21,2735
2016-10-24,2779.5
2016-10-25,2782.5
2016-10-26,2791
2016-10-27,2785.5
2016-10-28,2795
2016-10-31,2789
2016-11-01,2795.5
2016-11-02,2772.5
2016-11-03,2765
2016-11-04,2776
2016-11-07,2800.5
2016-11-08,2829.5
2016-11-09,2843
2016-11-10,2872.5
2016-11-11,2994.5
2016-11-14,2872
2016-11-15,2892
2016-11-16,2904.5
2016-11-17,2917
2016-11-18,2905.5
2016-11-21,2939
2016-11-22,2962.5
2016-11-23,2986.5
2016-11-24,3024
2016-11-25,3053
2016-11-28,3088
2016-11-29,3065
2016-11-30,3070
2016-12-01,3101.5
2016-12-02,3139.5
2016-12-05,3187
2016-12-06,3183
2016-12-07,3205
2016-12-08,3170.5
2016-12-09,3180
2016-12-14,3206.5
2016-12-15,3237.5
2016-12-16,3243.5
2016-12-19,3240
2016-12-20,3237
2016-12-21,3225
2016-12-22,3227.5
2016-12-23,3181.5
2016-12-27,3222.5
2016-12-28,3239
2016-12-29,3203.5
2016-12-30,3202.5
2017-01-03,3252
2017-01-04,3230.5
2017-01-05,3256
2017-01-06,3214
2017-01-09,3237.5
2017-01-10,3251
2017-01-11,3264.5
2017-01-12,3253
2017-01-13,3261.5
2017-01-16,3256
2017-01-17,3283
2017-01-18,3296.5
2017-01-19,3296
2017-01-20,3293.5
2017-01-23,3293.5
2017-01-24,3299.5
2017-01-25,3305
2017-01-26,3304
2017-01-27,3300
2017-02-02,3286.5
2017-02-03,3284
2017-02-06,3290
2017-02-07,3316
2017-02-08,3316
2017-02-10,3344.5
2017-02-13,3301
2017-02-14,3279.5
2017-02-15,3298.5
2017-02-16,3288
2017-02-17,3212
2017-02-20,3188.5
2017-02-21,3162.5
2017-02-22,3060
2017-02-23,2989.5
2017-02-24,2956
2017-02-27,2946
2017-02-28,2900.5
2017-03-01,2934.5
2017-03-02,2977
2017-03-03,2974.5
2017-03-06,2996
2017-03-07,2981
2017-03-08,2947.5
2017-03-09,2990.5
2017-03-10,2935.5
2017-03-13,2972
2017-03-14,2943
2017-03-15,2976
2017-03-16,2991
2017-03-17,3000
2017-03-20,2978
2017-03-21,2963
2017-03-22,2979.5
2017-03-23,2947.5
2017-03-24,2916
2017-03-27,2887.5
2017-03-28,2883.5
2017-03-29,2886
2017-03-30,2855
2017-03-31,2828
2017-04-03,2865.5
2017-04-04,2879.5
2017-04-05,2879.5
2017-04-06,2914
2017-04-07,2876.5
2017-04-10,2839
2017-04-11,2805
2017-04-12,2748
2017-04-13,2750
2017-04-14,2690.5
2017-04-17,2708
2017-04-18,2641.5
2017-04-19,2613
2017-04-20,2639
2017-04-21,2658.5
2017-04-25,2608.5
2017-04-26,2640.5
2017-04-27,2691.5
2017-04-28,2631
2017-05-02,2695.5
2017-05-03,2689.5
2017-05-04,2710
2017-05-05,2716.5
2017-05-08,2774.5
2017-05-09,2795.5
2017-05-11,2809
2017-05-12,2814.5
2017-05-15,2842.5
2017-05-16,2838
2017-05-17,2861.5
2017-05-18,2884.5
2017-05-19,2874
2017-05-22,2903.5
2017-05-23,2892
2017-05-24,2869
2017-05-25,2845
2017-05-26,2833
2017-05-29,2811
2017-05-30,2777
2017-05-31,2761
2017-06-01,2768.5
2017-06-02,2782.5
2017-06-05,2749.5
2017-06-06,2740.5
2017-06-07,2736.5
2017-06-08,2690
2017-06-09,2684.5
2017-06-13,2661.5
2017-06-14,2667.5
2017-06-15,2671.5
2017-06-16,2696
2017-06-19,2686
2017-06-20,2631
2017-06-21,2600
2017-06-22,2578
2017-06-23,2616.5
2017-06-28,2622.5
2017-06-29,2589.5
2017-06-30,2600.5
2017-07-03,2627.5
2017-07-04,2634
2017-07-05,2665.5
2017-07-06,2657
2017-07-07,2640.5
2017-07-10,2662
2017-07-11,2635.5
2017-07-12,2656
2017-07-13,2628.5
2017-07-14,2611.5
2017-07-17,2623.5
2017-07-18,2599
2017-07-19,2581.5
2017-07-20,2595
2017-07-21,2599.5
2017-07-24,2573
2017-07-25,2603.5
2017-07-26,2618
2017-07-27,2659
2017-07-28,2642.5
2017-07-31,2623.5
2017-08-01,2648
2017-08-02,2623
2017-08-03,2596
2017-08-04,2601.5
2017-08-07,2582
2017-08-08,2600
2017-08-09,2616
2017-08-10,2630
2017-08-11,2622
2017-08-14,2639.5
2017-08-15,2624.5
2017-08-16,2609
2017-08-17,2620
2017-08-18,2637.5
2017-08-21,2654.5
2017-08-22,2695.5
2017-08-23,2693.5
2017-08-24,2712
2017-08-25,2705.5
2017-08-28,2707.5
2017-08-29,2702
2017-08-30,2680
2017-09-05,2725.5
2017-09-06,2734
2017-09-07,2733.5
2017-09-08,2759.5
2017-09-11,2786.5
2017-09-12,2813.5
2017-09-13,2840
2017-09-14,2868.5
2017-09-15,2865.5
2017-09-18,2849
2017-09-19,2818.5
2017-09-20,2784.5
2017-09-21,2775
2017-09-25,2710
2017-09-26,2728
2017-09-27,2736.5
2017-09-28,2713.5
2017-09-29,2716
2017-10-02,2698.5
2017-10-03,2697.5
2017-10-04,2719
2017-10-05,2737
2017-10-06,2730
2017-10-09,2740
2017-10-10,2719
2017-10-11,2691
2017-10-12,2716.5
2017-10-13,2729
2017-10-16,2744
2017-10-17,2748.5
2017-10-19,2713
2017-10-20,2724.5
2017-10-23,2751.5
2017-10-24,2771.5
2017-10-25,2777.5
2017-10-26,2785.5
2017-10-27,2806
2017-10-30,2820.5
2017-10-31,2786.5
2017-11-01,2801
2017-11-02,2802
2017-11-03,2791.5
2017-11-06,2769
2017-11-07,2763
2017-11-08,2766
2017-11-09,2784.5
2017-11-10,2757
2017-11-13,2733.5
2017-11-14,2709.5
2017-11-15,2693
2017-11-16,2686.5
2017-11-17,2658.5
2017-11-20,2595.5
2017-11-21,2560
2017-11-22,2545
2017-11-23,2527.5
2017-11-24,2539.5
2017-11-27,2492.5
2017-11-28,2478.5
2017-11-29,2464.5
2017-11-30,2473.5
2017-12-04,2498.5
2017-12-05,2448.5
2017-12-06,2449
2017-12-07,2432
2017-12-08,2423.5
2017-12-11,2382.5
2017-12-12,2398.5
2017-12-13,2388
2017-12-14,2338.5
2017-12-15,2367.5
2017-12-18,2397
2017-12-19,2388
2017-12-20,2389.5
2017-12-21,2371
2017-12-22,2351.5
2017-12-26,2376
2017-12-27,2415
2017-12-28,2435.5
2017-12-29,2400
2018-01-02,2468.5
2018-01-03,2490.5
2018-01-04,2517
2018-01-05,2538
2018-01-08,2514
2018-01-09,2539
2018-01-10,2549
2018-01-11,2523.5
2018-01-12,2493.5
2018-01-15,2482.5
2018-01-16,2462.5
2018-01-17,2458.5
2018-01-18,2454
2018-01-19,2426
2018-01-22,2441
2018-01-23,2449.5
2018-01-24,2469
2018-01-25,2463.5
2018-01-26,2457
2018-01-29,2479
2018-01-30,2461
2018-02-01,2450
2018-02-02,2437
2018-02-05,2461.5
2018-02-06,2463
2018-02-07,2480.5
2018-02-08,2467
2018-02-09,2472.5
2018-02-12,2493
2018-02-13,2497.5
2018-02-14,2480.5
2018-02-15,2488.5
2018-02-19,2479
2018-02-20,2499.5
2018-02-21,2494
2018-02-22,2492
2018-02-23,2508
2018-02-26,2529.5
2018-02-27,2535.5
2018-02-28,2547
2018-03-01,2555.5
2018-03-02,2494
2018-03-05,2460.5
2018-03-06,2468.5
2018-03-07,2454.5
2018-03-08,2427.5
2018-03-09,2383
2018-03-12,2376
2018-03-13,2391.5
2018-03-14,2417.5
2018-03-15,2422
2018-03-16,2438.5
2018-03-19,2425
2018-03-20,2432
2018-03-21,2436
2018-03-22,2427
2018-03-23,2414.5
2018-03-26,2413
2018-03-27,2409.5
2018-03-28,2405
2018-03-29,2393.5
2018-03-30,2402.5
2018-04-02,2431
2018-04-03,2438
2018-04-04,2435
2018-04-05,2455.5
2018-04-06,2464
2018-04-09,2453.5
2018-04-10,2447.5
2018-04-11,2423.5
2018-04-12,2411
2018-04-13,2412.5
2018-04-16,2385
2018-04-17,2373.5
2018-04-18,2387
2018-04-19,2391
2018-04-20,2394
2018-04-23,2392
2018-04-24,2383
2018-04-25,2388
2018-04-26,2387.5
2018-04-27,2380
2018-04-30,2349.5
2018-05-02,2370.5
2018-05-03,2359
2018-05-04,2334.5
2018-05-07,2366
2018-05-08,2377
2018-05-14,2407.5
2018-05-15,2408.5
2018-05-16,2400.5
2018-05-17,2399
2018-05-18,2421
2018-05-21,2423
2018-05-22,2427.5
2018-05-23,2416.5
2018-05-24,2443
2018-05-25,2418
2018-05-28,2372
2018-05-30,2366.5
2018-05-31,2385
2018-06-01,2394
2018-06-04,2407
2018-06-05,2368
2018-06-06,2384.5
2018-06-07,2373
2018-06-08,2353.5
2018-06-11,2340
2018-06-12,2340.5
2018-06-13,2317
2018-06-14,2279
2018-06-18,2307
2018-06-19,2231
2018-06-20,2247.5
2018-06-21,2253.5
2018-06-22,2267.5
2018-06-25,2250.5
2018-06-26,2277
2018-06-27,2279
2018-06-28,2309.5
2018-06-29,2295.5
2018-07-02,2313.5
2018-07-03,2285
2018-07-04,2279.5
2018-07-05,2276.5
2018-07-06,2274.5
2018-07-09,2262.5
2018-07-10,2242.5
2018-07-11,2204
2018-07-12,2180
2018-07-13,2159
2018-07-16,2164.5
2018-07-17,2156
2018-07-18,2193.5
2018-07-19,2195.5
2018-07-20,2165.5
2018-07-23,2162
2018-07-24,2143
2018-07-25,2132
2018-07-26,2169.5
2018-07-27,2152
2018-07-30,2154.5
2018-07-31,2154.5
2018-08-01,2177.5
2018-08-02,2177
2018-08-03,2144
2018-08-06,2176
2018-08-07,2182.5
2018-08-08,2198.5
2018-08-09,2206
2018-08-10,2202
2018-08-13,2192
2018-08-14,2176.5
2018-08-15,2176
2018-08-16,2170
2018-08-17,2184
2018-08-20,2190.5
2018-08-21,2194
2018-08-23,2190.5
2018-08-24,2178.5
2018-08-27,2171.5
2018-08-28,2189.5
2018-08-29,2177.5
2018-08-30,2179
2018-09-03,2197.5
2018-09-04,2215
2018-09-05,2220.5
2018-09-06,2216.5
2018-09-07,2210
2018-09-12,2209
2018-09-13,2210
2018-09-14,2201
2018-09-18,2171
2018-09-19,2135.5
2018-09-20,2121.5
2018-09-21,2118
2018-09-24,2124.5
2018-09-25,2114.5
2018-09-26,2115
2018-09-27,2090
2018-09-28,2064.5
2018-10-01,2087
2018-10-02,2084.5
2018-10-03,2082.5
2018-10-04,2099
2018-10-05,2100.5
2018-10-08,2094
2018-10-09,2088.5
2018-10-10,2088.5
2018-10-11,2061.5
2018-10-12,2083.5
2018-10-15,2088.5
2018-10-16,2094
2018-10-17,2095.5
2018-10-18,2088.5
2018-10-19,2069
2018-10-22,2080.5
2018-10-23,2081.5
2018-10-24,2052.5
2018-10-25,2038
2018-10-26,2028.5
2018-10-29,2031
2018-10-30,2018
2018-10-31,2007
2018-11-01,1984.5
2018-11-02,1958
2018-11-05,1953
2018-11-07,1948.5
2018-11-08,1928.5
2018-11-09,1897
2018-11-12,1872
2018-11-13,1844
2018-11-14,1768.5
2018-11-15,1746
2018-11-16,1736
2018-11-19,1728.5
2018-11-21,1717.5
2018-11-22,1731
2018-11-23,1764.5
2018-11-26,1749
2018-11-27,1718
2018-11-28,1734.5
2018-11-29,1759.5
2018-11-30,1764.5
2018-12-03,1772
2018-12-04,1775.5
2018-12-05,1722.5
2018-12-06,1725.5
2018-12-07,1740.5
2018-12-10,1738.5
2018-12-11,1734.5
2018-12-12,1755
2018-12-13,1787.5
2018-12-14,1798
2018-12-17,1801.5
2018-12-18,1831.5
2018-12-19,1909
2018-12-20,1944.5
2018-12-21,1927
2018-12-24,1900
2018-12-26,1924
2018-12-27,1918.5
2018-12-28,1942.5
2019-01-02,2019.5
2019-01-03,2030
2019-01-04,2036.5
2019-01-07,2027.5
2019-01-08,2041.5
2019-01-09,2036.5
2019-01-10,2023
2019-01-11,2010.5
2019-01-14,2014
2019-01-15,2004.5
2019-01-16,2008.5
2019-01-17,2006.5
2019-01-18,2044
2019-01-22,2054
2019-01-23,2066
2019-01-24,2088.5
2019-01-25,2091
2019-01-28,2127
2019-01-29,2121
2019-01-30,2120.5
2019-01-31,2083
2019-02-01,2127
2019-02-04,2092
2019-02-07,2153
2019-02-08,2133
2019-02-11,2120
2019-02-12,2116.5
2019-02-13,2116.5
2019-02-14,2117.5
2019-02-15,2107
2019-02-18,2113.5
2019-02-19,2110.5
2019-02-20,2080
2019-02-21,2067.5
2019-02-22,2057.5
2019-02-25,2039
2019-02-26,1984
2019-02-27,1948
2019-02-28,1902
2019-03-01,1944.5
2019-03-04,1960
2019-03-05,1934
2019-03-06,1941
2019-03-07,1932.5
2019-03-08,1923
2019-03-11,1906.5
2019-03-12,1898.5
2019-03-13,1878.5
2019-03-14,1853
2019-03-15,1838
2019-03-18,1834
2019-03-19,1868
2019-03-20,1889
2019-03-21,1893
2019-03-22,1864
2019-03-25,1885.5
2019-03-26,1904
2019-03-27,1887
2019-03-28,1866.5
2019-03-29,1869
2019-04-01,1923
2019-04-02,1964
2019-04-03,1991.5
2019-04-04,2014
2019-04-05,2038
2019-04-08,2035.5
2019-04-09,2061
2019-04-10,2045.5
2019-04-11,2021.5
2019-04-12,2016
2019-04-15,2020
2019-04-16,2021.5
2019-04-17,2054.5
2019-04-18,2052.5
2019-04-19,2051.5
2019-04-22,2057.5
2019-04-23,2030.5
2019-04-24,2019.5
2019-04-25,2031
2019-04-26,1990
2019-04-29,1976
2019-04-30,1981.5
2019-05-02,1960
2019-05-03,1963
2019-05-06,1918
2019-05-07,1946.5
2019-05-08,1951
2019-05-09,1918
2019-05-10,1910.5
2019-05-13,1916.5
2019-05-14,1924
2019-05-15,1954.5
2019-05-16,1979
2019-05-17,1982.5
2019-05-21,1971
2019-05-22,1980
2019-05-23,1938.5
2019-05-24,1928.5
2019-05-27,1949.5
2019-05-28,1951
2019-05-29,1970.5
2019-05-30,1970.5
2019-05-31,1968.5
2019-06-03,1990
2019-06-04,1986
2019-06-07,1974.5
2019-06-10,1953.5
2019-06-11,1971
2019-06-12,1960
2019-06-13,1986
2019-06-14,1990
2019-06-17,1981.5
2019-06-18,1991.5
2019-06-19,1973.5
2019-06-20,1967.5
2019-06-21,1971
2019-06-24,1941
2019-06-25,1931.5
2019-06-26,1909
2019-06-27,1893.5
2019-06-28,1872.5
2019-07-01,1897.5
2019-07-02,1885.5
2019-07-03,1869
2019-07-04,1880.5
2019-07-05,1873.5
2019-07-08,1868.5
2019-07-09,1865
2019-07-10,1864
2019-07-11,1878.5
2019-07-12,1869
2019-07-15,1879.5
2019-07-16,1871.5
2019-07-17,1867
2019-07-18,1874.5
2019-07-19,1866.5
2019-07-22,1875
2019-07-23,1882
2019-07-24,1903
2019-07-25,1919
2019-07-26,1928.5
2019-07-29,1927.5
2019-08-01,1984
2019-08-02,1976
2019-08-05,2000.5
2019-08-06,2011.5
2019-08-07,2010
2019-08-08,2041
2019-08-09,2078.5
2019-08-13,2121.5
2019-08-14,2122
2019-08-15,2121.5
2019-08-16,2122.5
2019-08-19,2103.5
2019-08-20,2105
2019-08-21,2113.5
2019-08-22,2151
2019-08-23,2154
2019-08-26,2195.5
2019-08-27,2155
2019-08-28,2160.5
2019-08-29,2145.5
2019-08-30,2154.5
2019-09-03,2115
2019-09-04,2102
2019-09-05,2090
2019-09-06,2107.5
2019-09-10,2112
2019-09-11,2121
2019-09-12,2113
2019-09-13,2092
2019-09-17,2140.5
2019-09-18,2122.5
2019-09-19,2111
2019-09-20,2091
2019-09-23,2089
2019-09-24,2047
2019-09-25,2048
2019-09-26,2050
2019-09-27,2027.5
2019-09-30,2028.5
2019-10-01,2073
2019-10-02,2077.5
2019-10-03,2069
2019-10-04,2085.5
2019-10-07,2083.5
2019-10-08,2078.5
2019-10-09,2106.5
2019-10-10,2103.5
2019-10-11,2094.5
2019-10-14,2073
2019-10-15,2058.5
2019-10-16,2106.5
2019-10-17,2105
2019-10-18,2101
2019-10-21,2121
2019-10-22,2111.5
2019-10-23,2150
2019-10-24,2175
2019-10-25,2268
2019-10-29,2265
2019-10-30,2298.5
2019-10-31,2280
2019-11-01,2353.5
2019-11-04,2348
2019-11-05,2402.5
2019-11-06,2404.5
2019-11-07,2407.5
2019-11-08,2421
2019-11-11,2481.5
2019-11-12,2493.5
2019-11-13,2505
2019-11-14,2511.5
2019-11-15,2478
2019-11-18,2483
2019-11-19,2512
2019-11-20,2557
2019-11-21,2578.5
2019-11-22,2589.5
2019-11-25,2637.5
2019-11-26,2587
2019-11-27,2610
2019-11-28,2588
2019-11-29,2658
2019-12-02,2631.5
2019-12-03,2644.5
2019-12-04,2695.5
2019-12-05,2705
2019-12-06,2756
2019-12-09,2820
2019-12-10,2836
2019-12-11,2807.5
2019-12-12,2827
2019-12-13,2847.5
2019-12-16,2856
2019-12-17,2897
2019-12-18,2833
2019-12-19,2842.5
2019-12-20,2880
2019-12-23,2875.5
2019-12-24,2883.5
2019-12-26,2895
2019-12-27,2992.5
2019-12-30,3015.5
2019-12-31,3025.5
2020-01-02,3053
2020-01-03,3056.5
2020-01-06,3064
2020-01-07,3061.5
2020-01-08,3043.5
2020-01-09,3084.5
2020-01-10,3111
2020-01-13,3093
2020-01-14,3033
2020-01-15,3014.5
2020-01-16,2985
2020-01-17,2971.5
2020-01-20,2963
2020-01-21,2931.5
2020-01-22,2974
2020-01-23,2991.5
2020-01-24,2984
2020-01-28,2736
2020-01-29,2777.5
2020-01-30,2689
2020-01-31,2680
2020-02-03,2658.5
2020-02-04,2696
2020-02-05,2790.5
2020-02-06,2873.5
2020-02-07,2885
2020-02-10,2859.5
2020-02-11,2774.5
2020-02-12,2703
2020-02-13,2694.5
2020-02-14,2683
2020-02-17,2709
2020-02-18,2708.5
2020-02-19,2694.5
2020-02-20,2649
2020-02-21,2667
2020-02-24,2645
2020-02-25,2545
2020-02-26,2509.5
2020-02-27,2486.5
2020-02-28,2413.5
2020-03-02,2394.5
2020-03-03,2377.5
2020-03-04,2432
2020-03-05,2517
2020-03-06,2491
2020-03-09,2274
2020-03-10,2366.5
2020-03-11,2345.5
2020-03-12,2323
2020-03-13,2307
2020-03-16,2280.5
2020-03-17,2322.5
2020-03-18,2300.5
2020-03-19,2264.5
2020-03-20,2311
2020-03-23,2316
2020-03-24,2370.5
2020-03-25,2429.5
2020-03-26,2423.5
2020-03-27,2445
2020-03-30,2482
2020-03-31,2392.5
2020-04-01,2472.5
2020-04-02,2454
2020-04-03,2366
2020-04-06,2334.5
2020-04-07,2356.5
2020-04-08,2420
2020-04-09,2432
2020-04-10,2355.5
2020-04-13,2326
2020-04-14,2284.5
2020-04-15,2295.5
2020-04-16,2290
2020-04-17,2291.5
2020-04-20,2308.5
2020-04-21,2171
2020-04-22,2131
2020-04-23,2131.5
2020-04-24,2162
2020-04-27,2049
2020-04-28,2046.5
2020-04-29,2058
2020-04-30,2096.5
2020-05-04,2068.5
2020-05-05,2037
2020-05-06,2025.5
2020-05-08,2036.5
2020-05-11,2036.5
2020-05-12,2021.5
2020-05-13,2037
2020-05-14,2030.5
2020-05-15,2081
2020-05-18,2138.5
2020-05-19,2183
2020-05-20,2182
2020-05-21,2191
2020-05-22,2208
2020-05-27,2254.5
2020-05-28,2273
2020-05-29,2283
2020-06-01,2366
2020-06-02,2374
2020-06-03,2389.5
2020-06-04,2389.5
2020-06-05,2379.5
2020-06-09,2413
2020-06-10,2404.5
2020-06-11,2390
2020-06-12,2387
2020-06-15,2369
2020-06-16,2403.5
2020-06-17,2415
2020-06-18,2419.5
2020-06-19,2483
2020-06-22,2486
2020-06-23,2502
2020-06-24,2515
2020-06-25,2470
2020-06-26,2460.5
2020-06-29,2391
2020-06-30,2392
2020-07-01,2396
2020-07-02,2420.5
2020-07-03,2414
2020-07-06,2422.5
2020-07-07,2423
2020-07-08,2438
2020-07-09,2451.5